<?xml version="1.0" encoding="UTF-8"?>
<project-private xmlns="http://www.netbeans.org/ns/project-private/1">
    <editor-bookmarks xmlns="http://www.netbeans.org/ns/editor-bookmarks/2" lastBookmarkId="0"/>
    <open-files xmlns="http://www.netbeans.org/ns/projectui-open-files/2">
        <group>
            <file>file:/C:/Users/Jorrit/Documents/GitHub/glowing-broccoli/JSF/JSF32week12/src/calculate/KochManager.java</file>
            <file>file:/C:/Users/Jorrit/Documents/GitHub/glowing-broccoli/JSF/JSF32week12/src/jsf31kochfractalfx/JSF31KochFractalFX.java</file>
        </group>
    </open-files>
</project-private>
